PlayerID,Player,Team,Positions,Games,PA,HR,RBI,AVG,OBP,SLG,OPS
680577,DaShawn Keirsey Jr.,Atlanta Braves,CF,2,1,0,0,1.0,1.0,1.0,2.0
682989,Victor Mederos,Atlanta Braves,P,26,1,0,2,1.0,1.0,1.0,2.0
678225,Jihwan Bae,Milwaukee Brewers,"2B, DH",4,4,0,0,0.5,0.667,0.5,1.167
665856,Jair Camargo,Atlanta Braves,C,1,2,0,0,0.5,0.5,1.0,1.5
605353,Vimael Machín,Colorado Rockies,3B,3,6,0,0,0.5,0.5,0.5,1.0
811965,Joshua Kuroda-Grauer,Athletics,"2B, 3B, SS",16,62,1,4,0.417,0.435,0.583,1.018
681909,Justin Dean,Chicago Cubs,"CF, DH, LF, RF",17,10,0,3,0.375,0.5,0.625,1.125
672569,Gustavo Campero,Los Angeles Angels,LF,4,12,0,2,0.364,0.333,0.455,0.788
640492,José Azócar,Atlanta Braves,"CF, LF, RF",11,18,0,0,0.353,0.389,0.471,0.86
703197,Michael Arroyo,Seattle Mariners,"2B, DH",7,20,1,3,0.333,0.45,0.667,1.117
672012,Tyler Black,Milwaukee Brewers,"1B, DH, LF",9,28,0,7,0.333,0.357,0.481,0.838
676551,Brewer Hicklen,Atlanta Braves,"CF, LF, RF",16,34,0,3,0.333,0.471,0.519,0.99
683079,Omar Martinez,Los Angeles Angels,C,5,3,0,0,0.333,0.333,0.333,0.666
669392,Samad Taylor,San Diego Padres,"LF, RF",40,152,1,15,0.326,0.403,0.402,0.805
703520,Brett Bateman,Toronto Blue Jays,"CF, LF, RF",35,161,2,11,0.324,0.39,0.415,0.805
680664,Eduardo Valencia,Detroit Tigers,"1B, C, DH",35,111,6,18,0.324,0.355,0.6,0.955
699024,Leo Bernal,St. Louis Cardinals,"1B, C, DH",16,69,3,15,0.323,0.362,0.508,0.87
682927,Ronny Simon,Pittsburgh Pirates,"DH, LF, RF",14,48,0,2,0.318,0.362,0.386,0.748
687957,Dustin Harris,San Diego Padres,"CF, DH, LF, RF",37,117,0,18,0.314,0.374,0.402,0.776
650333,Luis Arraez,Philadelphia Phillies,"2B, 3B, DH",147,637,6,62,0.313,0.349,0.425,0.774
670541,Yordan Alvarez,Houston Astros,"DH, LF",150,655,40,99,0.312,0.431,0.6,1.031
656577,Alex Jackson,Minnesota Twins,"1B, C, DH, P",32,72,1,5,0.309,0.347,0.412,0.759
802415,Chandler Simpson,Tampa Bay Rays,"CF, LF",146,593,0,36,0.308,0.336,0.359,0.695
641820,Trey Mancini,Los Angeles Angels,"1B, DH",5,14,0,4,0.308,0.286,0.462,0.748
672640,Otto Lopez,Miami Marlins,"DH, SS",150,654,10,69,0.307,0.349,0.441,0.79
683734,Andrew Vaughn,Milwaukee Brewers,"1B, 3B, DH, P",104,331,6,43,0.306,0.39,0.444,0.834
693304,Nick Gonzales,Pittsburgh Pirates,"2B, 3B, DH, SS",142,584,6,60,0.304,0.368,0.391,0.759
683021,Michael Stefanic,Athletics,"2B, 3B, DH, SS",14,25,0,2,0.304,0.36,0.348,0.708
672515,Gabriel Moreno,Arizona Diamondbacks,"3B, C, DH",123,518,15,75,0.304,0.382,0.481,0.863
650559,Bryan De La Cruz,Philadelphia Phillies,"LF, RF",30,74,2,12,0.303,0.351,0.439,0.79
677942,Blaze Alexander,Baltimore Orioles,"2B, 3B, CF, LF, RF, SS",93,289,4,31,0.303,0.358,0.414,0.772
664034,Ty France,San Diego Padres,"1B, 3B, DH",125,465,21,69,0.301,0.366,0.521,0.887
681198,TJ Rumfield,Colorado Rockies,"1B, DH",148,605,15,69,0.3,0.392,0.453,0.845
664983,Jake McCarthy,Colorado Rockies,"CF, DH, LF, RF",139,563,15,82,0.298,0.342,0.49,0.832
640902,Jhonny Pereda,Seattle Mariners,"C, P",29,93,2,8,0.298,0.355,0.381,0.736
673962,Josh Jung,Texas Rangers,"3B, DH",98,423,10,38,0.297,0.362,0.447,0.809
813841,Jonah Cox,San Francisco Giants,"2B, CF, LF",54,136,4,14,0.295,0.333,0.443,0.776
685133,Wade Meckler,Los Angeles Angels,"DH, LF, RF",90,302,3,27,0.295,0.37,0.381,0.751
691002,Yohandy Morales,Washington Nationals,"1B, DH",11,34,2,6,0.294,0.294,0.588,0.882
691594,Javier Sanoja,Miami Marlins,"2B, 3B, CF, LF, P, RF, SS",136,456,9,64,0.294,0.332,0.452,0.784
650490,Yandy Díaz,Tampa Bay Rays,DH,148,660,22,81,0.293,0.359,0.451,0.81
518692,Freddie Freeman,Los Angeles Dodgers,"1B, DH",146,628,16,67,0.293,0.369,0.442,0.811
686475,Tyler Tolbert,Kansas City Royals,"2B, 3B, CF, DH, LF, P, RF, SS",76,141,3,8,0.293,0.358,0.407,0.765
671739,Michael Harris II,Atlanta Braves,"CF, DH, LF",148,592,26,85,0.293,0.319,0.491,0.81
650391,Eloy Jiménez,Toronto Blue Jays,DH,12,35,0,3,0.29,0.343,0.29,0.633
800050,Chase DeLauter,Cleveland Guardians,"DH, RF",126,526,14,62,0.289,0.363,0.452,0.815
689414,Liam Hicks,Tampa Bay Rays,"1B, C, DH",137,532,18,81,0.288,0.371,0.44,0.811
660688,Keibert Ruiz,Washington Nationals,C,98,335,10,47,0.288,0.325,0.46,0.785
682829,Elly De La Cruz,Cincinnati Reds,"DH, SS",135,601,28,74,0.287,0.366,0.519,0.885
682985,Riley Greene,Detroit Tigers,"DH, LF",134,566,21,75,0.286,0.373,0.484,0.857
667452,Corey Julks,Detroit Tigers,"DH, RF",4,7,0,0,0.286,0.286,0.429,0.715
663624,Ryan Mountcastle,Baltimore Orioles,"1B, DH",8,15,0,1,0.286,0.333,0.357,0.69
686894,Joey Wiemer,Washington Nationals,"CF, DH, P, RF",32,83,3,12,0.286,0.398,0.514,0.912
665487,Fernando Tatis Jr.,San Diego Padres,"2B, DH, RF",152,674,23,79,0.285,0.355,0.461,0.816
694192,Jackson Chourio,Milwaukee Brewers,"CF, LF, RF",120,548,24,70,0.285,0.343,0.483,0.826
545341,Randal Grichuk,Chicago White Sox,"DH, LF, RF",111,259,13,39,0.285,0.313,0.553,0.866
671277,Luis García Jr.,New York Yankees,"1B, DH",141,519,30,91,0.283,0.314,0.538,0.852
676475,Alec Burleson,St. Louis Cardinals,"1B, DH",153,645,23,111,0.283,0.349,0.469,0.818
678882,Ceddanne Rafaela,Boston Red Sox,CF,135,569,16,70,0.282,0.317,0.443,0.76
694362,Blake Dunn,Cincinnati Reds,"CF, DH, LF, RF",38,155,2,7,0.282,0.335,0.387,0.722
543510,James McCann,Arizona Diamondbacks,"1B, C, P",48,152,5,24,0.282,0.313,0.43,0.743
669364,Xavier Edwards,Miami Marlins,"2B, DH",141,591,6,52,0.282,0.361,0.373,0.734
668227,Randy Arozarena,Seattle Mariners,"DH, LF",146,635,25,75,0.281,0.378,0.48,0.858
663968,Jake Mangum,Pittsburgh Pirates,"CF, LF, RF",126,455,4,30,0.281,0.337,0.366,0.703
687605,Andrew Pinckney,Washington Nationals,"CF, LF, RF",17,29,1,3,0.28,0.31,0.48,0.79
691718,Pete Crow-Armstrong,Chicago Cubs,"CF, DH",154,692,44,105,0.28,0.372,0.576,0.948
669397,Nick Allen,Houston Astros,"2B, 3B, DH, SS",89,153,3,14,0.279,0.327,0.382,0.709
686948,Drake Baldwin,Atlanta Braves,"C, DH",131,582,24,77,0.279,0.354,0.455,0.809
686681,Michael Massey,Kansas City Royals,"2B, 3B, DH, LF, RF",124,422,13,47,0.279,0.312,0.444,0.756
687859,Troy Johnston,Colorado Rockies,"1B, DH, LF, P, RF",124,437,4,50,0.279,0.349,0.395,0.744
672386,Alejandro Kirk,Toronto Blue Jays,"C, DH",73,291,10,41,0.279,0.351,0.422,0.773
807712,Luke Keaschall,Minnesota Twins,"2B, CF, RF",145,589,9,45,0.279,0.371,0.386,0.757
621043,Carlos Correa,Houston Astros,"3B, SS",32,141,3,16,0.279,0.369,0.418,0.787
691023,Jordan Walker,St. Louis Cardinals,"DH, RF",150,634,28,100,0.279,0.336,0.481,0.817
703601,Max Clark,Detroit Tigers,CF,45,180,3,22,0.278,0.36,0.437,0.797
682988,Tyler Locklear,Arizona Diamondbacks,"1B, DH",15,42,1,6,0.278,0.357,0.444,0.801
663611,Nick Madrigal,Tampa Bay Rays,"2B, 3B, DH, SS",19,63,0,3,0.278,0.365,0.315,0.68
666018,Jonathan Aranda,Tampa Bay Rays,"1B, DH",149,647,22,92,0.278,0.36,0.441,0.801
621438,Tyrone Taylor,Chicago Cubs,"CF, DH, LF, RF",94,231,11,37,0.278,0.326,0.507,0.833
680977,Brendan Donovan,Seattle Mariners,"2B, 3B",39,159,3,15,0.277,0.371,0.409,0.78
665833,Oneil Cruz,Pittsburgh Pirates,"CF, DH",91,398,19,66,0.277,0.364,0.483,0.847
660271,Shohei Ohtani,Los Angeles Dodgers,"DH, P",134,596,30,80,0.277,0.38,0.522,0.902
695506,Jac Caglianone,Kansas City Royals,"1B, DH, RF",136,522,23,70,0.277,0.328,0.483,0.811
805808,Kevin McGonigle,Detroit Tigers,"3B, DH, SS",150,679,17,70,0.276,0.377,0.427,0.804
806198,Cooper Pratt,Milwaukee Brewers,SS,68,245,3,31,0.276,0.343,0.367,0.71
677951,Bobby Witt Jr.,Kansas City Royals,"DH, SS",135,598,18,54,0.276,0.358,0.44,0.798
665161,Jeremy Peña,Houston Astros,"DH, SS",104,447,20,51,0.276,0.327,0.472,0.799
691406,Junior Caminero,Tampa Bay Rays,"1B, 3B",154,672,41,97,0.276,0.363,0.53,0.893
673237,Yainer Diaz,Houston Astros,"1B, C, DH",90,325,12,38,0.276,0.308,0.435,0.743
575929,Willson Contreras,Boston Red Sox,"1B, DH",129,533,27,81,0.276,0.387,0.518,0.905
694384,Nolan Schanuel,Los Angeles Angels,"1B, DH",107,446,7,49,0.276,0.351,0.385,0.736
680757,Steven Kwan,Cleveland Guardians,"CF, DH, LF",144,604,3,30,0.275,0.376,0.342,0.718
701785,Kaelen Culpepper,Minnesota Twins,SS,31,120,3,11,0.275,0.333,0.404,0.737
808982,Jung Hoo Lee,San Francisco Giants,"CF, DH, RF",141,572,10,56,0.274,0.316,0.402,0.718
807799,Masataka Yoshida,Boston Red Sox,"DH, LF",87,297,5,28,0.274,0.347,0.399,0.746
703607,Henry Bolte,Athletics,"CF, DH, LF, RF",111,436,11,34,0.274,0.359,0.4,0.759
643289,Mauricio Dubón,Atlanta Braves,"2B, 3B, CF, DH, LF, SS",146,590,11,70,0.273,0.319,0.394,0.713
701807,Carson Benge,New York Mets,"CF, DH, LF, RF",149,619,19,60,0.273,0.336,0.418,0.754
641355,Cody Bellinger,New York Yankees,"1B, CF, DH, LF, RF",126,538,16,71,0.273,0.348,0.44,0.788
682729,Jonatan Clase,Toronto Blue Jays,"CF, LF",9,25,2,6,0.273,0.36,0.545,0.905
663604,Brandon Lockridge,Milwaukee Brewers,"1B, CF, LF, RF",38,111,0,12,0.273,0.345,0.313,0.658
664770,Nathan Lukes,Toronto Blue Jays,"CF, LF, RF",118,422,10,37,0.273,0.32,0.387,0.707
547180,Bryce Harper,Philadelphia Phillies,"1B, DH, RF",155,660,28,85,0.272,0.385,0.495,0.88
670032,Nicky Lopez,Texas Rangers,"2B, 3B, LF, P, RF, SS",92,253,1,24,0.272,0.315,0.313,0.628
665742,Juan Soto,New York Mets,"DH, LF",104,447,26,64,0.272,0.39,0.523,0.913
647304,Josh Naylor,Seattle Mariners,1B,144,616,10,54,0.272,0.327,0.364,0.691
671976,Tristan Peters,Chicago White Sox,"CF, LF, RF",149,472,12,54,0.272,0.344,0.451,0.795
681624,Andy Pages,Los Angeles Dodgers,"CF, DH",128,550,21,80,0.272,0.338,0.458,0.796
661388,William Contreras,Milwaukee Brewers,"C, DH",141,615,17,87,0.272,0.341,0.418,0.759
694249,Cole Carrigg,Colorado Rockies,"CF, RF, SS",85,340,10,46,0.272,0.337,0.467,0.804
804606,Konnor Griffin,Pittsburgh Pirates,"DH, SS",72,305,5,31,0.271,0.325,0.393,0.718
669477,Casey Schmitt,San Francisco Giants,"1B, 2B, 3B, DH, LF, SS",98,409,21,55,0.271,0.301,0.483,0.784
701398,Sal Stewart,Cincinnati Reds,"1B, 2B, 3B, DH",154,665,32,110,0.271,0.338,0.476,0.814
679822,Justin Foscue,Texas Rangers,"1B, 2B, DH",93,235,11,34,0.271,0.332,0.495,0.827
606115,Orlando Arcia,Minnesota Twins,"1B, 2B, 3B, P, SS",19,50,1,2,0.271,0.3,0.354,0.654
691182,Adael Amador,Colorado Rockies,"2B, DH",20,72,4,13,0.27,0.352,0.508,0.86
687401,Joey Ortiz,Milwaukee Brewers,"1B, 2B, 3B, SS",130,399,9,46,0.27,0.329,0.407,0.736
805811,Bryce Eldridge,San Francisco Giants,"1B, DH",107,448,17,57,0.269,0.364,0.461,0.825
663616,Trevor Larnach,Minnesota Twins,"DH, LF",122,433,13,48,0.269,0.352,0.436,0.788
641343,Jake Bauers,Milwaukee Brewers,"1B, DH, LF, RF",137,548,26,83,0.268,0.394,0.494,0.888
805367,Chase Meidroth,Chicago White Sox,"2B, 3B, SS",149,624,14,56,0.268,0.345,0.398,0.743
687952,Christian Encarnacion-Strand,Baltimore Orioles,"1B, 3B, DH",53,196,10,36,0.268,0.318,0.503,0.821
677649,Ezequiel Duran,Texas Rangers,"1B, 2B, 3B, CF, LF, RF, SS",145,566,17,83,0.268,0.327,0.436,0.763
669289,Santiago Espinal,Los Angeles Dodgers,"1B, 2B, 3B, DH",36,60,1,7,0.268,0.276,0.375,0.651
804668,Rafael Flores Jr.,Pittsburgh Pirates,"1B, C, P",41,139,9,20,0.268,0.331,0.512,0.843
643446,Jeff McNeil,Athletics,"1B, 2B, 3B, DH, LF, RF",136,491,8,54,0.268,0.315,0.369,0.684
500743,Miguel Rojas,Los Angeles Dodgers,"1B, 2B, 3B, DH, P, SS",101,238,4,21,0.268,0.309,0.394,0.703
803011,Sam Antonacci,Chicago White Sox,"2B, 3B, DH, LF",134,530,8,46,0.268,0.362,0.388,0.75
669134,Luis Campusano,San Diego Padres,"C, DH",67,232,8,29,0.267,0.362,0.446,0.808
663743,Nick Fortes,Tampa Bay Rays,"C, DH",102,306,5,34,0.267,0.315,0.381,0.696
669720,Austin Hays,San Diego Padres,"DH, LF, RF",33,94,3,12,0.267,0.287,0.4,0.687
682848,Endy Rodríguez,Pittsburgh Pirates,"1B, C, DH",45,159,7,20,0.267,0.373,0.467,0.84
656811,Ryan O'Hearn,Pittsburgh Pirates,"1B, DH, RF",102,421,18,73,0.266,0.333,0.449,0.782
608348,Carson Kelly,Chicago Cubs,"1B, C, DH, P",116,409,10,58,0.266,0.347,0.39,0.737
676391,Ernie Clement,Toronto Blue Jays,"2B, 3B, LF, SS",150,594,9,48,0.266,0.293,0.373,0.666
676724,Jared Young,New York Mets,"1B, DH, LF, RF",103,342,9,39,0.266,0.33,0.429,0.759
702222,Justin Crawford,Philadelphia Phillies,"CF, DH",142,442,3,38,0.266,0.314,0.356,0.67
669003,Garrett Mitchell,Milwaukee Brewers,"CF, DH",138,502,11,65,0.266,0.358,0.429,0.787
624413,Pete Alonso,Baltimore Orioles,"1B, DH",155,673,38,105,0.266,0.361,0.504,0.865
668930,Brice Turang,Milwaukee Brewers,"2B, SS",144,650,19,93,0.266,0.367,0.441,0.808
701678,Hao-Yu Lee,Detroit Tigers,"2B, 3B, DH, SS",107,331,10,45,0.266,0.321,0.432,0.753
805779,Jacob Wilson,Athletics,"DH, SS",80,337,7,37,0.266,0.298,0.388,0.686
695578,James Wood,Washington Nationals,"DH, LF, RF",127,589,30,76,0.266,0.392,0.519,0.911
650402,Gleyber Torres,Detroit Tigers,"2B, DH",93,406,8,38,0.265,0.367,0.372,0.739
673548,Seiya Suzuki,Chicago Cubs,"DH, RF",136,602,24,83,0.265,0.364,0.466,0.83
606192,Teoscar Hernández,Los Angeles Dodgers,"DH, LF, RF",117,460,15,63,0.265,0.335,0.425,0.76
700250,Ben Rice,New York Yankees,"1B, DH",146,633,39,94,0.264,0.363,0.534,0.897
691783,Jordan Lawlar,Arizona Diamondbacks,"2B, CF, LF",37,118,5,13,0.264,0.333,0.443,0.776
650968,Yohel Pozo,Baltimore Orioles,"1B, C, DH",34,55,1,7,0.264,0.273,0.34,0.613
682928,CJ Abrams,Washington Nationals,"2B, DH, SS",144,621,30,97,0.264,0.338,0.493,0.831
663538,Nico Hoerner,Chicago Cubs,"2B, SS",151,657,8,69,0.263,0.315,0.353,0.668
668804,Bryan Reynolds,Pittsburgh Pirates,"DH, LF, RF",154,672,17,71,0.263,0.366,0.427,0.793
669127,Shea Langeliers,Athletics,"C, DH",98,432,23,55,0.263,0.329,0.487,0.816
667472,Dane Myers,Cincinnati Reds,"CF, DH",113,319,7,26,0.263,0.351,0.378,0.729
608324,Alex Bregman,Chicago Cubs,"3B, DH",151,686,26,88,0.262,0.351,0.454,0.805
666182,Bo Bichette,New York Mets,"2B, 3B, DH, SS",153,660,16,74,0.262,0.311,0.387,0.698
672580,Maikel Garcia,Kansas City Royals,"3B, DH, SS",76,321,3,34,0.262,0.318,0.378,0.696
665489,Vladimir Guerrero Jr.,Toronto Blue Jays,"1B, DH",139,590,9,56,0.261,0.334,0.359,0.693
681508,Mickey Gasper,Boston Red Sox,"1B, C, DH",62,213,9,23,0.261,0.368,0.472,0.84
695336,Thomas Saggese,St. Louis Cardinals,"2B, 3B, DH, LF, SS",50,153,4,13,0.261,0.314,0.399,0.713
660821,Jesús Sánchez,Arizona Diamondbacks,"DH, LF, RF",102,306,8,35,0.261,0.317,0.413,0.73
669016,Brandon Marsh,Philadelphia Phillies,"CF, LF, RF",148,547,17,58,0.26,0.305,0.406,0.711
682818,Yohendrick Piñango,Toronto Blue Jays,"DH, LF, RF",58,180,5,20,0.26,0.306,0.396,0.702
664040,Brandon Lowe,Pittsburgh Pirates,"2B, DH",143,626,32,91,0.26,0.331,0.488,0.819
699912,Jose Fernandez,Arizona Diamondbacks,"1B, 3B, DH, SS",68,213,3,16,0.26,0.303,0.352,0.655
676356,Jonny DeLuca,Tampa Bay Rays,"CF, DH, LF, RF",104,336,9,44,0.26,0.291,0.411,0.702
650489,Willi Castro,Colorado Rockies,"1B, 2B, 3B, CF, LF, SS",120,477,15,56,0.26,0.331,0.417,0.748
607043,Brandon Nimmo,Texas Rangers,"CF, DH, RF",148,627,14,61,0.26,0.325,0.408,0.733
609280,Miguel Andujar,San Diego Padres,"1B, 3B, DH",74,254,5,22,0.259,0.303,0.423,0.726
680777,Ryan Jeffers,Minnesota Twins,"C, DH",87,348,14,55,0.259,0.36,0.475,0.835
691720,Kyle Karros,Colorado Rockies,3B,124,446,12,48,0.259,0.352,0.422,0.774
668723,Ryan Vilade,Tampa Bay Rays,"1B, 2B, 3B, DH, LF, RF",89,254,11,40,0.259,0.332,0.46,0.792
670623,Isaac Paredes,Houston Astros,"1B, 2B, 3B, DH",147,623,21,88,0.259,0.356,0.43,0.786
669699,Braden Shewmake,Milwaukee Brewers,"2B, 3B, SS",34,91,3,10,0.259,0.27,0.424,0.694
675961,Alika Williams,Athletics,"2B, 3B, SS",84,217,4,16,0.259,0.299,0.418,0.717
808975,Hyeseong Kim,Los Angeles Dodgers,"2B, LF, SS",43,131,1,11,0.259,0.323,0.328,0.651
665953,Andrés Chaparro,Washington Nationals,"1B, 3B, DH",77,206,11,37,0.258,0.359,0.517,0.876
622268,Donovan Walton,Athletics,"2B, 3B, DH, SS",84,244,7,25,0.258,0.36,0.435,0.795
646240,Rafael Devers,San Francisco Giants,"1B, DH",148,633,37,98,0.258,0.34,0.525,0.865
699393,Pedro Ramírez,Chicago Cubs,"1B, 2B, 3B, DH, LF",74,240,6,30,0.258,0.318,0.415,0.733
686527,Dominic Canzone,Seattle Mariners,"DH, RF",138,497,22,70,0.258,0.328,0.482,0.81
690993,Colt Keith,Detroit Tigers,"1B, 3B, DH",140,423,10,36,0.258,0.322,0.406,0.728
695238,Will Wagner,San Diego Padres,"2B, 3B, DH",16,45,0,0,0.257,0.422,0.286,0.708
691907,Tsung-Che Cheng,Boston Red Sox,SS,14,44,0,5,0.256,0.318,0.282,0.6
683227,Cody Freeman,Texas Rangers,"2B, 3B, LF",33,93,1,6,0.256,0.322,0.329,0.651
686765,Nick Sogard,Boston Red Sox,"1B, 2B, 3B, DH, SS",59,247,5,19,0.256,0.347,0.398,0.745
660670,Ronald Acuña Jr.,Atlanta Braves,"DH, RF",101,445,19,51,0.256,0.346,0.455,0.801
701762,Nick Kurtz,Athletics,"1B, DH",99,434,21,69,0.256,0.396,0.483,0.879
645302,Victor Robles,Seattle Mariners,"CF, DH, LF, P, RF",66,149,0,9,0.256,0.315,0.308,0.623
519317,Giancarlo Stanton,New York Yankees,DH,24,96,3,14,0.256,0.302,0.422,0.724
701538,Jackson Merrill,San Diego Padres,"CF, DH",151,636,26,86,0.256,0.304,0.448,0.752
663993,Nathaniel Lowe,Cleveland Guardians,"1B, DH",120,412,17,59,0.255,0.323,0.454,0.777
642086,Dominic Smith,Atlanta Braves,"1B, DH, LF",105,293,8,44,0.255,0.312,0.376,0.688
605141,Mookie Betts,Los Angeles Dodgers,SS,115,493,22,65,0.254,0.32,0.446,0.766
672695,Geraldo Perdomo,Arizona Diamondbacks,SS,149,643,9,50,0.254,0.363,0.363,0.726
621439,Byron Buxton,Minnesota Twins,"CF, DH",93,408,25,46,0.254,0.319,0.511,0.83
814439,Ryan Waldschmidt,Arizona Diamondbacks,"CF, DH, LF",80,282,3,22,0.254,0.324,0.359,0.683
696030,Alejandro Osuna,Texas Rangers,"CF, DH, LF, RF",79,221,1,24,0.254,0.345,0.295,0.64
702176,Alan Roden,Minnesota Twins,"LF, RF",28,79,0,10,0.254,0.333,0.313,0.646
643396,Isiah Kiner-Falefa,Boston Red Sox,"1B, 2B, 3B, DH, SS",60,165,2,16,0.253,0.327,0.329,0.656
502671,Paul Goldschmidt,New York Yankees,"1B, DH",102,370,18,50,0.253,0.316,0.455,0.771
621566,Matt Olson,Atlanta Braves,"1B, RF",154,667,40,88,0.253,0.325,0.509,0.834
665052,Griffin Conine,Miami Marlins,"1B, DH, LF, RF",86,295,16,38,0.253,0.349,0.471,0.82
682877,Juan Brito,Cincinnati Reds,"2B, 3B, RF, SS",27,95,2,13,0.253,0.305,0.391,0.696
571970,Max Muncy,Los Angeles Dodgers,"3B, DH",142,534,29,74,0.253,0.35,0.497,0.847
678554,Curtis Mead,Boston Red Sox,"1B, 2B, 3B, DH",88,329,17,48,0.253,0.353,0.498,0.851
701675,Nathan Church,St. Louis Cardinals,"CF, LF, RF",134,444,10,50,0.252,0.298,0.373,0.671
805999,A.J. Ewing,New York Mets,"2B, CF, DH, LF, RF",113,464,10,40,0.252,0.322,0.376,0.698
666126,Carlos Cortes,Athletics,"DH, LF, P, RF",116,362,9,40,0.252,0.32,0.388,0.708
605137,Josh Bell,Minnesota Twins,"1B, DH",147,601,20,89,0.252,0.315,0.418,0.733
800325,Luis Lara,Milwaukee Brewers,"CF, LF, RF",57,195,1,24,0.251,0.318,0.337,0.655
664761,Alec Bohm,Philadelphia Phillies,"1B, 3B",148,599,15,86,0.251,0.316,0.39,0.706
677800,Wilyer Abreu,Boston Red Sox,"DH, RF",151,656,24,74,0.251,0.332,0.454,0.786
595978,Austin Hedges,Cleveland Guardians,"C, P",78,232,5,23,0.251,0.325,0.369,0.694
683748,Victor Mesa Jr.,Tampa Bay Rays,"CF, LF, RF",72,236,13,30,0.251,0.321,0.493,0.814
543807,George Springer,Toronto Blue Jays,"DH, LF",120,497,15,53,0.251,0.326,0.412,0.738
545121,Ildemaro Vargas,Arizona Diamondbacks,"1B, 2B, 3B, DH, LF, P, SS",134,473,9,67,0.251,0.293,0.378,0.671
702332,Caleb Durbin,Boston Red Sox,3B,147,561,13,64,0.251,0.336,0.385,0.721
814154,Scott Bandura,San Francisco Giants,"DH, RF",5,13,0,0,0.25,0.308,0.333,0.641
683953,Travis Bazzana,Cleveland Guardians,"2B, DH",116,487,15,57,0.25,0.343,0.414,0.757
691277,Deyvison De Los Santos,Miami Marlins,"1B, DH",11,20,0,0,0.25,0.25,0.35,0.6
571657,Kyle Farmer,Atlanta Braves,"2B, 3B, DH, SS",13,17,0,3,0.25,0.235,0.313,0.548
694224,Gabriel Gonzalez,Minnesota Twins,"LF, RF",7,11,0,0,0.25,0.455,0.25,0.705
664068,Scott Kingery,Chicago Cubs,"2B, 3B, DH",8,4,0,0,0.25,0.25,0.25,0.5
686797,Brooks Lee,Minnesota Twins,"3B, SS",148,596,23,81,0.25,0.299,0.428,0.727
678760,Eddys Leonard,San Francisco Giants,LF,3,8,0,0,0.25,0.25,0.375,0.625
695734,Daylen Lile,Washington Nationals,"DH, LF, RF",152,624,21,86,0.25,0.303,0.435,0.738
678009,Parker Meadows,Detroit Tigers,CF,12,39,0,2,0.25,0.308,0.333,0.641
703155,Lazaro Montes,Seattle Mariners,"DH, RF",14,35,4,10,0.25,0.314,0.656,0.97
682515,Logan Porter,Los Angeles Angels,C,3,6,0,0,0.25,0.5,0.5,1.0
677587,Brayan Rocchio,Cleveland Guardians,"2B, SS",147,569,13,69,0.25,0.312,0.379,0.691
681082,Bryson Stott,Philadelphia Phillies,"2B, 3B",148,578,10,65,0.25,0.326,0.391,0.717
645305,Ali Sánchez,New York Yankees,C,46,81,1,8,0.25,0.275,0.316,0.591
649966,Luis Urías,Toronto Blue Jays,2B,26,59,3,8,0.25,0.322,0.481,0.803
678246,Miguel Vargas,Chicago White Sox,"1B, 3B, DH",153,675,33,88,0.25,0.359,0.482,0.841
695720,Tommy White,Athletics,"1B, 3B, DH",48,178,3,9,0.25,0.27,0.331,0.601
687221,Dalton Rushing,Los Angeles Dodgers,"1B, C, DH",78,250,12,36,0.249,0.332,0.466,0.798
624641,Edmundo Sosa,Philadelphia Phillies,"2B, 3B, DH, LF, SS",80,240,8,43,0.249,0.287,0.421,0.708
606466,Ketel Marte,Arizona Diamondbacks,"2B, DH",133,589,22,74,0.249,0.314,0.439,0.753
663886,Tyler Stephenson,Cincinnati Reds,"1B, C, DH",124,447,15,54,0.248,0.331,0.417,0.748
687462,Spencer Horwitz,Pittsburgh Pirates,"1B, DH",108,429,10,46,0.248,0.347,0.368,0.715
682657,Angel Martínez,Cleveland Guardians,"CF, LF, RF",106,385,15,53,0.248,0.285,0.443,0.728
682987,Spencer Jones,New York Yankees,"CF, DH, LF, RF",80,265,10,38,0.248,0.318,0.433,0.751
596115,Trevor Story,Boston Red Sox,"DH, SS",59,247,4,28,0.248,0.279,0.359,0.638
696285,Jacob Young,Washington Nationals,CF,134,452,10,47,0.248,0.317,0.389,0.706
683011,Anthony Volpe,New York Yankees,"2B, SS",64,223,2,26,0.247,0.327,0.343,0.67
691458,Blaze Jordan,St. Louis Cardinals,"1B, 3B",58,199,3,28,0.247,0.276,0.382,0.658
680869,Zack Gelof,Athletics,"2B, 3B, CF, DH, LF, RF",103,401,19,49,0.247,0.312,0.456,0.768
671289,Tyler Freeman,Colorado Rockies,"2B, CF, DH, RF",79,288,3,23,0.247,0.317,0.314,0.631
807727,Charles McAdoo,Toronto Blue Jays,"1B, 2B, 3B, LF",32,92,2,10,0.247,0.293,0.341,0.634
810938,Ben Williamson,Tampa Bay Rays,"2B, 3B, DH, P, SS",84,270,3,26,0.247,0.309,0.332,0.641
702284,Cole Young,Seattle Mariners,"2B, SS",153,610,17,65,0.247,0.309,0.387,0.696
678011,Anthony Seigler,Boston Red Sox,"2B, 3B, DH",49,173,3,13,0.247,0.327,0.4,0.727
656537,Derek Hill,Philadelphia Phillies,"1B, CF, DH, LF, RF",112,212,11,31,0.246,0.297,0.451,0.748
642201,Eli White,Boston Red Sox,"2B, CF, DH, LF, RF",96,204,6,29,0.246,0.289,0.398,0.687
624424,Michael Conforto,Chicago Cubs,"DH, LF, RF",107,290,14,43,0.246,0.341,0.476,0.817
665861,Sebastián Rivero,Los Angeles Angels,C,24,57,0,8,0.245,0.286,0.283,0.569
807713,Matt Shaw,Chicago Cubs,"1B, 2B, 3B, CF, DH, LF, RF",71,181,5,23,0.245,0.337,0.432,0.769
571448,Nolan Arenado,Arizona Diamondbacks,"3B, DH",144,564,26,74,0.245,0.321,0.45,0.771
691016,Tyler Soderstrom,Athletics,"DH, LF",109,453,19,56,0.245,0.338,0.472,0.81
672356,Gabriel Arias,Chicago Cubs,"1B, 2B, 3B, SS",50,147,5,13,0.245,0.286,0.374,0.66
669242,Tommy Edman,Los Angeles Dodgers,"2B, 3B, CF, DH, LF, SS",77,303,6,35,0.244,0.33,0.368,0.698
696100,Hunter Goodman,Colorado Rockies,"C, DH",130,540,38,81,0.244,0.311,0.526,0.837
666160,Mickey Moniak,Colorado Rockies,"CF, DH, LF, RF",111,421,22,64,0.244,0.285,0.488,0.773
645277,Ozzie Albies,Atlanta Braves,"2B, DH",154,653,22,71,0.244,0.3,0.406,0.706
663494,Bryan Torres,St. Louis Cardinals,"2B, 3B, CF, DH, LF, P",70,177,4,19,0.244,0.318,0.353,0.671
665926,Andrés Giménez,Toronto Blue Jays,SS,141,485,9,57,0.243,0.288,0.359,0.647
643217,Andrew Benintendi,Chicago White Sox,"DH, LF, RF",135,450,14,71,0.243,0.303,0.415,0.718
669384,Raynel Delgado,Houston Astros,"2B, 3B, SS",19,41,1,4,0.243,0.3,0.351,0.651
691740,Daniel Susac,San Francisco Giants,"3B, C",53,161,3,22,0.243,0.289,0.375,0.664
514888,Jose Altuve,Houston Astros,"2B, DH",127,537,15,44,0.243,0.302,0.392,0.694
693307,Dillon Dingler,Detroit Tigers,"C, DH",141,590,27,89,0.243,0.301,0.45,0.751
694671,Wyatt Langford,Texas Rangers,"CF, DH, LF",102,438,17,41,0.242,0.336,0.435,0.771
671056,Iván Herrera,St. Louis Cardinals,"1B, C, DH",153,682,16,66,0.242,0.355,0.373,0.728
681393,Connor Norby,Colorado Rockies,"1B, 2B, 3B, DH",98,359,7,32,0.242,0.343,0.381,0.724
516782,Starling Marte,Kansas City Royals,"DH, LF, RF",59,168,2,14,0.242,0.298,0.314,0.612
620443,Luis Torrens,New York Mets,"1B, C, DH, P",89,268,9,40,0.242,0.302,0.41,0.712
682674,Victor Bericoto,San Francisco Giants,"1B, DH, LF, RF",34,88,4,12,0.241,0.25,0.414,0.664
807747,Rikuu Nishida,Chicago White Sox,"2B, CF, RF",12,30,0,2,0.241,0.241,0.241,0.482
671218,Heliot Ramos,New York Yankees,"DH, LF, RF",104,409,11,42,0.241,0.306,0.397,0.703
677594,Julio Rodríguez,Seattle Mariners,"CF, DH",143,623,21,66,0.241,0.302,0.394,0.696
665877,José Fermín,St. Louis Cardinals,"1B, 2B, 3B, CF, DH, LF, RF, SS",111,349,6,40,0.241,0.304,0.352,0.656
669257,Will Smith,Los Angeles Dodgers,"C, DH",67,254,8,31,0.241,0.339,0.394,0.733
607208,Trea Turner,Philadelphia Phillies,"DH, SS",150,666,19,57,0.241,0.294,0.38,0.674
592450,Aaron Judge,New York Yankees,"DH, RF",66,285,18,41,0.241,0.36,0.511,0.871
669707,Jared Triolo,Pittsburgh Pirates,"1B, 3B, CF, DH, RF, SS",117,354,3,29,0.241,0.311,0.307,0.618
650859,Luis Rengifo,San Diego Padres,"1B, 2B, 3B, DH, LF",95,354,4,36,0.24,0.319,0.317,0.636
687263,Zach Neto,Los Angeles Angels,"DH, SS",149,666,26,74,0.24,0.324,0.438,0.762
802139,JJ Wetherholt,St. Louis Cardinals,"2B, SS",132,593,17,48,0.24,0.341,0.367,0.708
682998,Corbin Carroll,Arizona Diamondbacks,"DH, RF",148,638,22,69,0.24,0.331,0.473,0.804
682634,Kevin Alcántara,Chicago Cubs,"CF, DH, LF, RF",24,28,1,6,0.24,0.286,0.36,0.646
666152,David Hamilton,Milwaukee Brewers,"2B, 3B, SS",116,370,4,26,0.24,0.308,0.329,0.637
668942,Josh Rojas,Kansas City Royals,"2B, 3B, DH, P, SS",41,108,2,13,0.24,0.283,0.34,0.623
686469,Vinnie Pasquantino,Kansas City Royals,"1B, DH",106,450,13,51,0.24,0.327,0.395,0.722
678391,Jorbit Vivas,Washington Nationals,"2B, 3B, DH, P",117,344,3,30,0.24,0.335,0.329,0.664
665019,Kody Clemens,Minnesota Twins,"1B, 2B, CF, LF, RF",137,557,26,76,0.24,0.301,0.465,0.766
666176,Jo Adell,Cleveland Guardians,"CF, DH, LF, RF",151,624,22,92,0.24,0.295,0.402,0.697
694374,Tim Tawa,Arizona Diamondbacks,"1B, 2B, 3B, CF, DH, LF, RF",96,318,10,38,0.239,0.298,0.394,0.692
545361,Mike Trout,Los Angeles Angels,"CF, DH",135,601,21,53,0.239,0.377,0.419,0.796
691781,Brady House,Washington Nationals,"1B, 3B, DH",88,332,10,45,0.239,0.301,0.395,0.696
664702,Myles Straw,Toronto Blue Jays,"CF, DH, LF, P, RF",140,310,3,26,0.239,0.304,0.348,0.652
655316,Andruw Monasterio,Boston Red Sox,"1B, 2B, 3B, DH, P, SS",101,329,6,40,0.239,0.299,0.384,0.683
665804,Miguel Amaya,Chicago Cubs,"1B, C, DH",79,239,6,26,0.239,0.345,0.378,0.723
592885,Christian Yelich,Milwaukee Brewers,"DH, LF",112,478,11,57,0.239,0.317,0.381,0.698
806367,Turner Hill,San Francisco Giants,"DH, LF",28,106,1,15,0.239,0.34,0.341,0.681
696135,Kahlil Watson,Cleveland Guardians,"CF, RF",27,91,1,11,0.239,0.264,0.341,0.605
668715,Spencer Steer,Cincinnati Reds,"1B, 2B, 3B, CF, DH, LF, RF",98,384,16,40,0.238,0.319,0.421,0.74
800543,Josue De Paula,Los Angeles Dodgers,"DH, LF",8,29,1,5,0.238,0.448,0.476,0.924
595879,Javier Báez,Detroit Tigers,"2B, CF, LF, RF, SS",55,185,2,17,0.237,0.265,0.345,0.61
687637,Dylan Beavers,Baltimore Orioles,"CF, DH, LF, RF",98,336,7,39,0.237,0.313,0.373,0.686
669065,Kyle Stowers,Miami Marlins,"1B, DH, LF, RF",116,492,19,61,0.237,0.326,0.448,0.774
687093,Vaughn Grissom,Los Angeles Angels,"1B, 2B, 3B, DH",111,436,11,65,0.237,0.302,0.378,0.68
683737,Michael Busch,Chicago Cubs,1B,152,676,19,76,0.236,0.348,0.391,0.739
686217,Sal Frelick,Milwaukee Brewers,"CF, DH, LF, RF",106,369,4,39,0.236,0.299,0.325,0.624
683766,Christian Koss,San Francisco Giants,"2B, 3B, DH, P, SS",63,193,4,12,0.236,0.28,0.331,0.611
553869,Elias Díaz,Texas Rangers,"C, DH",84,230,7,33,0.236,0.27,0.396,0.666
691026,Masyn Winn,St. Louis Cardinals,SS,130,513,5,54,0.236,0.31,0.322,0.632
656941,Kyle Schwarber,Philadelphia Phillies,"1B, DH, LF",149,667,45,95,0.236,0.353,0.514,0.867
701350,Roman Anthony,Boston Red Sox,"DH, LF, RF",49,219,5,15,0.236,0.333,0.377,0.71
664954,Brett Sullivan,Colorado Rockies,"1B, C, DH, P",81,226,7,32,0.236,0.28,0.409,0.689
592626,Joc Pederson,Texas Rangers,"1B, DH, RF",136,432,26,53,0.235,0.329,0.487,0.816
683679,Jesus Rodriguez,San Francisco Giants,"2B, C, LF, RF",22,58,2,8,0.235,0.316,0.412,0.728
672960,Kazuma Okamoto,Toronto Blue Jays,"1B, 3B, DH",148,604,33,88,0.235,0.311,0.463,0.774
642708,Amed Rosario,New York Yankees,"2B, 3B, DH, LF, RF",84,234,10,33,0.235,0.278,0.41,0.688
677592,Everson Pereira,St. Louis Cardinals,"CF, DH, LF, RF",38,111,5,12,0.235,0.309,0.439,0.748
663457,Lars Nootbaar,Arizona Diamondbacks,"CF, DH, LF, RF",83,305,7,31,0.235,0.339,0.373,0.712
656305,Matt Chapman,San Francisco Giants,"3B, DH",84,352,7,42,0.235,0.324,0.368,0.692
624428,Adam Frazier,Los Angeles Angels,"2B, DH, LF, P",66,146,1,11,0.234,0.31,0.336,0.646
663656,Kyle Tucker,Los Angeles Dodgers,RF,146,597,17,70,0.234,0.333,0.395,0.728
608369,Corey Seager,Texas Rangers,"DH, SS",94,402,18,47,0.234,0.326,0.434,0.76
657136,Connor Wong,Boston Red Sox,"C, DH",73,233,4,24,0.234,0.31,0.346,0.656
676609,José Caballero,New York Yankees,"2B, 3B, CF, DH, LF, RF, SS",129,435,14,51,0.234,0.29,0.374,0.664
668885,Austin Martin,Minnesota Twins,"CF, LF, RF",115,350,3,23,0.234,0.346,0.322,0.668
806146,George Lombard Jr.,New York Yankees,SS,35,138,4,15,0.234,0.292,0.371,0.663
669394,Jake Burger,Texas Rangers,"1B, DH",147,588,26,86,0.234,0.308,0.426,0.734
687231,Darell Hernaiz,Athletics,"2B, 3B, RF, SS",56,157,1,9,0.234,0.316,0.277,0.593
695600,Carter Jensen,Kansas City Royals,"C, DH",143,575,24,75,0.233,0.32,0.45,0.77
676439,Hunter Feduccia,Los Angeles Dodgers,"1B, C, DH",89,239,3,19,0.233,0.323,0.33,0.653
669743,Alex Call,Los Angeles Dodgers,"CF, DH, LF, RF",85,191,1,19,0.233,0.351,0.302,0.653
680700,Richie Palacios,Tampa Bay Rays,"2B, 3B, DH, LF, RF",119,379,10,52,0.232,0.329,0.376,0.705
699013,Esmerlyn Valdez,Pittsburgh Pirates,"1B, LF, RF",72,287,17,47,0.232,0.345,0.51,0.855
691728,Zac Veen,Colorado Rockies,"CF, LF, RF",30,65,2,12,0.232,0.317,0.411,0.728
665862,Jazz Chisholm Jr.,New York Yankees,"2B, DH",134,520,19,55,0.232,0.312,0.403,0.715
608070,José Ramírez,Cleveland Guardians,"3B, DH",118,511,12,51,0.232,0.32,0.372,0.692
642350,Jose Siri,Los Angeles Angels,"CF, LF, RF",100,227,8,28,0.232,0.286,0.396,0.682
694514,Sterlin Thompson,Colorado Rockies,"DH, LF, RF",27,77,2,10,0.232,0.312,0.377,0.689
691788,Joe Mack,Miami Marlins,C,100,315,13,47,0.232,0.28,0.398,0.678
687551,Drew Gilbert,San Francisco Giants,"CF, LF, RF",126,378,10,40,0.232,0.322,0.384,0.706
668939,Adley Rutschman,Boston Red Sox,"C, DH",93,386,12,57,0.232,0.308,0.411,0.719
679845,Nick Loftin,Kansas City Royals,"1B, 2B, 3B, DH, LF, RF, SS",114,409,7,42,0.232,0.319,0.376,0.695
701852,Drew Cavanaugh,San Francisco Giants,"C, DH",54,155,1,10,0.231,0.322,0.276,0.598
682663,Agustín Ramírez,Miami Marlins,"C, DH",64,226,5,22,0.231,0.319,0.362,0.681
683146,Brett Baty,New York Mets,"1B, 2B, 3B, DH, LF, RF, SS",136,454,10,50,0.231,0.305,0.362,0.667
664731,P.J. Higgins,Cincinnati Reds,"C, P",14,32,0,4,0.231,0.276,0.269,0.545
701162,Ben Malgeri,Detroit Tigers,"CF, DH, LF, RF",54,124,3,15,0.231,0.347,0.346,0.693
596103,Austin Slater,Tampa Bay Rays,"DH, LF, RF",28,74,0,3,0.231,0.311,0.277,0.588
691777,Max Muncy,Athletics,"3B, DH, LF, SS",82,284,9,30,0.23,0.296,0.387,0.683
690976,Alex Freeland,Los Angeles Dodgers,"2B, 3B, SS",88,267,4,21,0.23,0.322,0.322,0.644
681715,Heriberto Hernández,Miami Marlins,"DH, LF, RF",122,469,24,64,0.23,0.313,0.446,0.759
682626,Francisco Alvarez,New York Mets,"C, DH",108,397,16,40,0.23,0.311,0.401,0.712
642715,Willy Adames,San Francisco Giants,SS,121,505,21,51,0.23,0.289,0.424,0.713
695491,Joshua Báez,St. Louis Cardinals,"LF, RF",29,108,7,18,0.23,0.278,0.51,0.788
671732,Lawrence Butler,Athletics,"CF, DH, RF",146,503,17,59,0.23,0.321,0.389,0.71
691723,Coby Mayo,Baltimore Orioles,"1B, 3B, DH",126,428,24,63,0.229,0.297,0.473,0.77
702616,Jackson Holliday,Baltimore Orioles,"2B, 3B, DH, SS",98,354,7,30,0.229,0.3,0.34,0.64
679529,Spencer Torkelson,Detroit Tigers,"1B, DH",152,586,24,72,0.228,0.323,0.421,0.744
593428,Xander Bogaerts,San Diego Padres,"DH, SS",147,585,12,56,0.228,0.326,0.339,0.665
686668,Brenton Doyle,Chicago White Sox,"CF, DH",81,206,3,12,0.228,0.273,0.321,0.594
596019,Francisco Lindor,New York Mets,"DH, SS",98,433,20,47,0.228,0.312,0.433,0.745
805300,Jakob Marsee,Miami Marlins,"CF, DH",148,588,11,39,0.228,0.345,0.358,0.703
694208,Moisés Ballesteros,Los Angeles Angels,"1B, C, DH",97,322,9,35,0.228,0.292,0.355,0.647
670231,John Rave,Kansas City Royals,"CF, DH, LF, RF",46,137,6,13,0.227,0.319,0.454,0.773
682668,Luisangel Acuña,Chicago White Sox,"2B, CF, DH, LF, P, SS",99,217,1,12,0.227,0.26,0.261,0.521
694203,Denzer Guzman,Los Angeles Angels,"3B, SS",79,273,7,29,0.227,0.267,0.344,0.611
668904,Royce Lewis,Minnesota Twins,"1B, 2B, 3B",118,480,14,54,0.226,0.29,0.38,0.67
669236,Jeremiah Jackson,Baltimore Orioles,"2B, 3B, DH, LF, RF",96,271,9,43,0.226,0.252,0.374,0.626
521692,Salvador Perez,Kansas City Royals,"1B, C, DH",144,599,19,72,0.226,0.27,0.374,0.644
656484,Tristan Gray,Minnesota Twins,"1B, 2B, 3B, SS",66,188,4,29,0.225,0.267,0.324,0.591
694212,Samuel Basallo,Baltimore Orioles,"1B, C, DH",110,393,18,54,0.225,0.293,0.411,0.704
670042,Luke Raley,Seattle Mariners,"CF, DH, LF, RF",95,287,15,39,0.225,0.284,0.439,0.723
691176,Jasson Domínguez,New York Yankees,"DH, LF, RF",57,222,6,14,0.225,0.267,0.368,0.635
573262,Mike Yastrzemski,Atlanta Braves,"CF, DH, LF, RF",131,382,10,36,0.225,0.309,0.373,0.682
683002,Gunnar Henderson,Baltimore Orioles,"DH, SS",153,681,23,58,0.225,0.308,0.4,0.708
686611,Dylan Crews,Washington Nationals,"CF, DH, LF, RF",101,409,12,42,0.225,0.291,0.377,0.668
672724,Oswald Peraza,Los Angeles Angels,"1B, 2B, 3B, DH, SS",119,363,7,25,0.225,0.282,0.335,0.617
641487,J.P. Crawford,Seattle Mariners,"3B, DH, SS",109,459,13,38,0.224,0.341,0.357,0.698
657041,Lane Thomas,Atlanta Braves,"CF, DH, LF, RF",118,374,11,40,0.224,0.318,0.383,0.701
695490,Edwin Arroyo,Cincinnati Reds,"2B, 3B, SS",50,160,0,5,0.223,0.266,0.264,0.53
630105,Jake Cronenworth,San Diego Padres,"1B, 2B, 3B, DH, SS",101,394,5,30,0.223,0.304,0.303,0.607
694378,Jacob Gonzalez,Pittsburgh Pirates,"1B, 3B, SS",78,219,6,30,0.223,0.275,0.356,0.631
662139,Daulton Varsho,Houston Astros,"CF, DH, LF",139,523,12,40,0.222,0.283,0.358,0.641
694197,Angel Genao,Cleveland Guardians,"2B, 3B, SS",35,128,2,6,0.222,0.289,0.308,0.597
668800,Andrew Knizner,San Francisco Giants,C,22,60,2,4,0.222,0.3,0.389,0.689
700652,Kenny Piper,Tampa Bay Rays,C,14,11,1,2,0.222,0.364,0.556,0.92
621493,Taylor Ward,Seattle Mariners,"DH, LF, RF",140,604,7,35,0.222,0.358,0.309,0.667
665923,Esteury Ruiz,Miami Marlins,"CF, LF, RF",102,231,6,15,0.222,0.336,0.387,0.723
605170,Victor Caratini,Minnesota Twins,"1B, C, DH",102,366,7,42,0.221,0.314,0.317,0.631
664728,Kyle Isbel,Kansas City Royals,CF,93,304,6,24,0.221,0.267,0.326,0.593
681297,Colton Cowser,Baltimore Orioles,"CF, DH, LF, RF",137,374,13,39,0.221,0.311,0.365,0.676
673357,Luis Robert Jr.,Baltimore Orioles,"CF, DH, LF",61,230,11,26,0.221,0.3,0.407,0.707
677588,José Tena,Washington Nationals,"2B, 3B, DH, LF, P, RF, SS",113,285,7,23,0.22,0.302,0.366,0.668
814430,Brett Callahan,Detroit Tigers,"DH, LF, RF",27,66,1,8,0.22,0.288,0.356,0.644
663586,Austin Riley,Atlanta Braves,3B,152,602,17,69,0.22,0.292,0.36,0.652
572233,Christian Walker,Houston Astros,"1B, DH",148,600,25,80,0.22,0.293,0.409,0.702
683357,Owen Caissie,Miami Marlins,"DH, RF",108,330,14,58,0.22,0.288,0.412,0.7
664023,Ian Happ,Chicago Cubs,"DH, LF",148,606,24,66,0.22,0.329,0.416,0.745
543760,Marcus Semien,New York Mets,2B,133,520,14,48,0.22,0.285,0.343,0.628
691785,Marcelo Mayer,Boston Red Sox,"2B, SS",70,228,3,22,0.22,0.282,0.312,0.594
670224,Kameron Misner,Kansas City Royals,"CF, DH, LF, RF",18,44,0,4,0.22,0.256,0.244,0.5
699302,Héctor Rodríguez,Cincinnati Reds,"CF, DH, RF",35,131,5,12,0.22,0.267,0.382,0.649
672284,Jarred Kelenic,Texas Rangers,"CF, LF, RF",36,83,1,6,0.219,0.313,0.288,0.601
681351,Logan O'Hoppe,Texas Rangers,"C, DH",85,274,4,24,0.219,0.275,0.303,0.578
686555,Isaac Collins,Kansas City Royals,"2B, DH, LF",139,499,6,40,0.219,0.325,0.332,0.657
669701,Josh Smith,Toronto Blue Jays,"1B, 2B, 3B, DH, LF",72,223,6,15,0.219,0.312,0.344,0.656
592518,Manny Machado,San Diego Padres,"3B, DH",150,644,28,84,0.219,0.308,0.409,0.717
642215,Weston Wilson,Seattle Mariners,"1B, 3B, DH, LF, P, RF",68,169,4,13,0.219,0.302,0.331,0.633
641584,Jake Fraley,Tampa Bay Rays,"DH, RF",31,96,2,5,0.218,0.292,0.368,0.66
543309,Kyle Higashioka,Texas Rangers,"C, DH, P",58,186,7,18,0.218,0.306,0.37,0.676
669899,Ryan Ward,Los Angeles Dodgers,"1B, DH, LF",20,60,3,12,0.218,0.283,0.455,0.738
670764,Taylor Walls,Tampa Bay Rays,SS,119,416,2,35,0.218,0.307,0.292,0.599
571771,Enrique Hernández,Los Angeles Dodgers,"1B, 2B, 3B, CF, LF, P",36,84,3,10,0.218,0.274,0.372,0.646
668901,Mark Vientos,New York Mets,"1B, 3B, DH",82,277,13,39,0.218,0.267,0.405,0.672
690984,Petey Halpin,Cleveland Guardians,"CF, RF",75,185,4,13,0.218,0.256,0.324,0.58
668952,Ryan Kreidler,Minnesota Twins,"2B, 3B, CF, LF, SS",99,251,7,27,0.217,0.28,0.374,0.654
678218,Brandon Valenzuela,Toronto Blue Jays,"1B, C, DH",86,260,8,21,0.217,0.301,0.361,0.662
678662,Ezequiel Tovar,Colorado Rockies,SS,139,483,11,42,0.217,0.264,0.342,0.606
694371,Tommy Troy,Arizona Diamondbacks,"2B, CF, DH, LF",45,143,4,9,0.217,0.289,0.349,0.638
621020,Dansby Swanson,Chicago Cubs,"DH, SS",120,462,18,66,0.217,0.302,0.404,0.706
624431,Jose Trevino,Cincinnati Reds,"1B, C, P",51,152,5,19,0.216,0.22,0.338,0.558
671655,George Valera,Cleveland Guardians,"LF, RF",13,38,0,6,0.216,0.237,0.297,0.534
665750,Leody Taveras,Baltimore Orioles,"3B, CF, LF, RF",136,469,8,54,0.216,0.287,0.341,0.628
664774,LaMonte Wade Jr.,Houston Astros,"1B, LF, P, RF",52,139,4,19,0.215,0.317,0.364,0.681
592663,J.T. Realmuto,Philadelphia Phillies,C,116,440,11,49,0.215,0.289,0.345,0.634
700932,Kyle Manzardo,Cleveland Guardians,"1B, DH",102,356,13,39,0.215,0.306,0.378,0.684
663698,Joey Bart,Chicago White Sox,"C, DH",44,128,4,13,0.214,0.305,0.357,0.662
695020,Tanner Murray,Chicago White Sox,"3B, LF, SS",13,33,1,3,0.214,0.281,0.321,0.602
691858,Jared Serna,Miami Marlins,2B,9,16,0,2,0.214,0.25,0.357,0.607
668709,JJ Bleday,Cincinnati Reds,"DH, LF, RF",125,516,22,56,0.214,0.324,0.41,0.734
694388,Joey Loperfido,Houston Astros,"CF, LF, RF",40,121,1,12,0.214,0.311,0.33,0.641
701305,Zach Dezenzo,Houston Astros,"DH, LF",35,82,1,3,0.213,0.28,0.307,0.587
676694,Jake Meyers,Houston Astros,"CF, LF, P",57,153,3,11,0.213,0.268,0.326,0.594
641933,Tyler O'Neill,Baltimore Orioles,"DH, RF",85,260,10,23,0.212,0.3,0.377,0.677
701358,Cam Smith,Houston Astros,"CF, RF",149,534,20,54,0.212,0.278,0.395,0.673
694377,Nick Yorke,Pittsburgh Pirates,"1B, 3B, DH, LF, RF",40,117,1,12,0.212,0.284,0.279,0.563
666139,Josh Lowe,Los Angeles Angels,"CF, LF, RF",107,320,12,29,0.211,0.277,0.367,0.644
663330,Jahmai Jones,Boston Red Sox,"DH, LF, RF",89,167,6,16,0.211,0.305,0.388,0.693
657757,Gavin Sheets,San Diego Padres,"1B, DH, LF, RF",123,412,16,46,0.211,0.313,0.388,0.701
683083,Nasim Nuñez,Washington Nationals,"2B, DH, SS",139,472,1,35,0.211,0.292,0.245,0.537
553993,Eugenio Suárez,Cincinnati Reds,"3B, DH",119,474,24,69,0.211,0.306,0.426,0.732
682997,Tyler Callihan,Pittsburgh Pirates,"1B, 2B, 3B, DH, LF, P, RF",40,107,3,15,0.211,0.283,0.389,0.672
663757,Trent Grisham,New York Yankees,"CF, DH",121,484,18,59,0.211,0.308,0.395,0.703
677008,Heston Kjerstad,Baltimore Orioles,RF,11,19,0,2,0.211,0.211,0.263,0.474
688363,Graham Pauley,Miami Marlins,"1B, 3B",57,144,4,25,0.211,0.259,0.383,0.642
666971,Lourdes Gurriel Jr.,Arizona Diamondbacks,"DH, LF",51,201,2,22,0.21,0.254,0.29,0.544
596142,Gary Sánchez,Milwaukee Brewers,"1B, C, DH, P",84,264,11,36,0.209,0.352,0.419,0.771
686780,Pedro Pagés,St. Louis Cardinals,"1B, C, DH, P",81,202,4,11,0.209,0.263,0.308,0.571
663662,Daz Cameron,Toronto Blue Jays,"CF, LF",8,25,1,3,0.208,0.2,0.375,0.575
807726,John Peck,Detroit Tigers,SS,18,58,0,7,0.208,0.328,0.229,0.557
641857,Ryan McMahon,New York Yankees,"3B, SS",119,348,10,35,0.208,0.274,0.344,0.618
695731,Braden Montgomery,Chicago White Sox,"CF, RF",86,340,6,37,0.208,0.303,0.336,0.639
681481,Kerry Carpenter,Detroit Tigers,"DH, LF, RF",81,259,13,36,0.208,0.276,0.416,0.692
666397,Edouard Julien,Colorado Rockies,"1B, 2B, DH",88,276,3,20,0.208,0.322,0.292,0.614
672275,Patrick Bailey,Cleveland Guardians,C,106,328,8,34,0.207,0.274,0.323,0.597
622761,Jorge Mateo,Tampa Bay Rays,"2B, 3B, DH, LF, P, SS",93,207,5,18,0.207,0.252,0.321,0.573
805347,Jim Jarvis,Atlanta Braves,SS,38,124,1,11,0.207,0.267,0.297,0.564
695508,Cam Cauley,Texas Rangers,"2B, CF, DH, LF, RF, SS",34,65,1,1,0.207,0.281,0.345,0.626
801126,Brock Rodden,Seattle Mariners,"2B, 3B, DH, SS",28,69,0,4,0.207,0.319,0.293,0.612
663837,Matt Vierling,Detroit Tigers,"3B, CF, DH, LF, RF",92,291,5,31,0.207,0.255,0.335,0.59
543877,Christian Vázquez,Houston Astros,"C, DH",85,262,7,25,0.206,0.261,0.324,0.585
682177,Daniel Schneemann,Cleveland Guardians,"2B, 3B, CF, LF, RF, SS",90,282,6,29,0.205,0.273,0.318,0.591
694673,Abimelec Ortiz,Washington Nationals,"1B, DH",39,124,5,13,0.205,0.25,0.376,0.626
596146,Max Kepler,Arizona Diamondbacks,"DH, LF",41,145,2,15,0.205,0.262,0.303,0.565
695657,Colson Montgomery,Chicago White Sox,"3B, DH, SS",146,611,31,87,0.204,0.29,0.42,0.71
680776,Jarren Duran,Boston Red Sox,"CF, DH, LF",144,587,20,69,0.204,0.26,0.36,0.62
669326,Bryce Teodosio,Los Angeles Angels,"CF, LF, RF",35,54,0,2,0.204,0.264,0.245,0.509
657656,Ramón Laureano,San Diego Padres,"DH, LF, RF",53,206,7,21,0.203,0.286,0.374,0.66
808959,Munetaka Murakami,Chicago White Sox,"1B, DH",120,521,32,69,0.203,0.344,0.465,0.809
700337,Edgar Quero,Chicago White Sox,"C, DH",69,217,3,19,0.203,0.284,0.257,0.541
542303,Marcell Ozuna,Pittsburgh Pirates,DH,70,280,8,29,0.203,0.286,0.327,0.613
641680,Jonah Heim,Athletics,"1B, 3B, C, DH",99,370,13,42,0.203,0.259,0.368,0.627
624585,Jorge Soler,Los Angeles Angels,"DH, RF",86,361,12,49,0.203,0.291,0.373,0.664
666211,Taylor Trammell,Houston Astros,"CF, DH, LF, RF",93,273,8,22,0.202,0.29,0.36,0.65
656775,Cedric Mullins,Tampa Bay Rays,"CF, DH",131,482,14,45,0.202,0.283,0.34,0.623
643376,Danny Jansen,Texas Rangers,"C, DH",59,198,6,22,0.202,0.289,0.364,0.653
656716,Zach McKinstry,Detroit Tigers,"2B, 3B, CF, LF, P, RF, SS",124,415,4,26,0.202,0.286,0.298,0.584
687515,Colby Thomas,Athletics,"CF, DH, LF, RF",55,121,4,11,0.202,0.235,0.333,0.568
663609,Luken Baker,Arizona Diamondbacks,1B,3,5,0,0,0.2,0.2,0.2,0.4
678545,Osleivis Basabe,San Francisco Giants,"2B, 3B, DH, SS",41,132,5,13,0.2,0.26,0.35,0.61
681146,Jonah Bride,Texas Rangers,3B,2,6,0,0,0.2,0.333,0.2,0.533
682641,Luis Matos,Milwaukee Brewers,"DH, LF, RF",9,21,0,0,0.2,0.238,0.2,0.438
667670,Brent Rooker,Athletics,"DH, LF, RF",48,203,10,29,0.2,0.281,0.389,0.67
676566,Shawn Ross,Pittsburgh Pirates,"1B, C",2,5,1,2,0.2,0.2,0.8,1.0
642133,Rowdy Tellez,Atlanta Braves,"1B, DH",7,11,1,4,0.2,0.273,0.5,0.773
669717,Will Wilson,Seattle Mariners,3B,2,6,1,2,0.2,0.333,0.8,1.133
677870,Leo Jiménez,Miami Marlins,"1B, 2B, 3B, DH, SS",66,194,2,14,0.199,0.306,0.259,0.565
687597,Jordan Beck,Colorado Rockies,"LF, RF",57,165,1,11,0.199,0.261,0.291,0.552
678489,Jorge Barrosa,Houston Astros,"CF, LF, RF",101,169,2,12,0.199,0.288,0.34,0.628
666023,Freddy Fermin,San Diego Padres,"C, DH",93,256,4,20,0.197,0.272,0.309,0.581
694728,Brice Matthews,Houston Astros,"2B, 3B, CF, LF",82,226,7,22,0.197,0.25,0.332,0.582
676369,Nelson Velázquez,Houston Astros,"DH, LF, RF",47,108,6,18,0.196,0.259,0.423,0.682
815873,Sean Keys,Toronto Blue Jays,"1B, 3B, DH, LF",19,48,2,7,0.196,0.229,0.348,0.577
680728,Adrian Del Castillo,Arizona Diamondbacks,"1B, C, DH, P",62,195,5,24,0.196,0.249,0.313,0.562
666969,Adolis García,Philadelphia Phillies,"CF, RF",67,259,7,21,0.195,0.27,0.329,0.599
672820,Lenyn Sosa,Toronto Blue Jays,"1B, 2B, DH",40,117,1,9,0.195,0.207,0.283,0.49
680474,Max Schuemann,New York Yankees,"2B, 3B, CF, DH, LF, P, RF, SS",42,87,2,8,0.194,0.333,0.361,0.694
661531,Brian Serven,Athletics,"C, DH",25,76,5,14,0.194,0.237,0.417,0.654
687363,Victor Scott II,St. Louis Cardinals,"CF, DH, LF, RF",76,189,2,9,0.194,0.274,0.256,0.53
670156,Miles Mastrobuoni,Seattle Mariners,"1B, 2B, 3B, LF, RF",13,30,0,1,0.192,0.241,0.192,0.433
457705,Andrew McCutchen,Texas Rangers,"DH, LF, RF",37,83,1,5,0.192,0.277,0.26,0.537
669004,MJ Melendez,New York Mets,"DH, LF, RF",56,144,4,11,0.192,0.315,0.35,0.665
676572,Eric Wagaman,New York Mets,"1B, 3B, DH, LF, RF",26,52,2,5,0.191,0.269,0.319,0.588
592206,Nick Castellanos,San Diego Padres,"1B, DH, LF, RF",39,122,4,20,0.191,0.221,0.339,0.56
680716,Jonathan Ornelas,Milwaukee Brewers,"2B, LF, SS",9,22,0,1,0.19,0.227,0.19,0.417
694497,Evan Carter,Texas Rangers,CF,134,434,9,37,0.19,0.287,0.314,0.601
806068,Colt Emerson,Seattle Mariners,"3B, DH, SS",69,241,8,23,0.19,0.246,0.335,0.581
682622,Noelvi Marte,Cincinnati Reds,"CF, DH, RF",63,201,6,15,0.189,0.229,0.321,0.55
660162,Yoán Moncada,Los Angeles Angels,"3B, DH",41,130,3,10,0.189,0.308,0.297,0.605
805805,Walker Jenkins,Minnesota Twins,"CF, DH",18,61,3,8,0.189,0.283,0.396,0.679
641555,J.C. Escarra,New York Yankees,C,32,92,0,7,0.188,0.239,0.271,0.51
681807,David Fry,Cleveland Guardians,"1B, 3B, C, DH, LF, RF",86,194,7,15,0.188,0.309,0.345,0.654
666181,Will Benson,Cincinnati Reds,"CF, DH, LF, RF",51,114,3,6,0.188,0.31,0.333,0.643
703492,Nick Morabito,New York Mets,"CF, DH, LF, RF",14,37,0,4,0.188,0.297,0.219,0.516
694376,Shay Whitcomb,San Francisco Giants,"1B, 2B, 3B, DH, LF, SS",41,101,4,11,0.188,0.212,0.344,0.556
823550,Sung-Mun Song,San Diego Padres,"2B, 3B, DH, SS",73,145,1,16,0.187,0.289,0.244,0.533
669357,Nolan Gorman,St. Louis Cardinals,"1B, 3B, DH",82,292,9,33,0.186,0.271,0.314,0.585
677950,Alek Thomas,Los Angeles Dodgers,CF,35,120,2,13,0.186,0.227,0.327,0.554
691181,Emmanuel Rodriguez,Minnesota Twins,"CF, LF",7,28,1,4,0.185,0.214,0.407,0.621
666163,Ben Rortvedt,Los Angeles Dodgers,"C, DH",16,28,0,1,0.185,0.185,0.185,0.37
695670,Harry Ford,Washington Nationals,"C, DH",34,108,3,10,0.185,0.306,0.348,0.654
663853,Romy Gonzalez,Boston Red Sox,"1B, 2B, DH",19,73,1,7,0.185,0.264,0.308,0.572
686452,Drew Millas,Washington Nationals,C,50,152,2,11,0.185,0.277,0.262,0.539
680574,Matt McLain,Cincinnati Reds,"2B, CF, SS",127,472,15,39,0.184,0.275,0.336,0.611
666624,Christopher Morel,New York Mets,"1B, 3B, DH, LF",34,100,1,6,0.183,0.24,0.258,0.498
669221,Sean Murphy,Atlanta Braves,C,27,100,3,10,0.183,0.24,0.323,0.563
692216,CJ Kayfus,Cleveland Guardians,"LF, RF",9,25,1,2,0.182,0.28,0.364,0.644
671286,Johnathan Rodríguez,Baltimore Orioles,"DH, RF",7,15,0,2,0.182,0.333,0.273,0.606
691019,Kyle Teel,Chicago White Sox,"C, DH",33,116,4,20,0.182,0.302,0.333,0.635
663728,Cal Raleigh,Seattle Mariners,"C, DH",119,499,22,66,0.181,0.293,0.369,0.662
672761,Wenceel Pérez,Detroit Tigers,"CF, DH, LF, RF",53,175,7,17,0.18,0.246,0.348,0.594
669224,Austin Wells,New York Yankees,C,117,370,12,30,0.18,0.279,0.314,0.593
656582,Connor Joe,Seattle Mariners,"1B, LF, RF",21,45,1,3,0.179,0.289,0.308,0.597
699625,Jimmy Crooks,St. Louis Cardinals,"C, DH",52,149,5,14,0.179,0.255,0.336,0.591
656555,Rhys Hoskins,Cleveland Guardians,"1B, DH, LF",95,317,13,38,0.179,0.306,0.376,0.682
672613,Eliezer Alfonzo,Los Angeles Dodgers,"C, DH",13,28,0,4,0.179,0.179,0.25,0.429
669369,Bryce Johnson,San Diego Padres,"CF, DH, LF, RF",32,49,0,2,0.178,0.229,0.222,0.451
695257,Billy Cook,Pittsburgh Pirates,"1B, CF, DH, LF, RF",82,53,0,2,0.176,0.208,0.235,0.443
666464,Jerar Encarnacion,San Francisco Giants,"1B, DH, LF, RF",17,35,0,0,0.176,0.2,0.206,0.406
641598,Mitch Garver,Seattle Mariners,"C, DH",50,149,4,15,0.175,0.302,0.294,0.596
677595,Ronny Mauricio,New York Mets,"2B, 3B, DH, SS",18,52,1,2,0.173,0.173,0.25,0.423
624512,Reese McGuire,Chicago White Sox,"C, P",11,34,0,3,0.172,0.273,0.172,0.445
681546,James Outman,Detroit Tigers,"CF, DH, LF, RF",94,170,5,17,0.172,0.235,0.318,0.553
670770,TJ Friedl,Cincinnati Reds,"CF, LF",91,272,4,13,0.172,0.255,0.255,0.51
678577,Junior Perez,Chicago White Sox,"CF, LF, RF",22,36,3,6,0.171,0.194,0.429,0.623
669398,Gage Workman,San Diego Padres,"2B, 3B, DH, LF",18,41,2,8,0.171,0.171,0.415,0.586
623168,Tyler Heineman,Los Angeles Angels,"C, DH, P",76,191,1,9,0.171,0.217,0.218,0.435
664056,Harrison Bader,San Francisco Giants,CF,30,111,5,14,0.17,0.198,0.358,0.556
680779,Henry Davis,Pittsburgh Pirates,"C, DH",94,291,10,38,0.169,0.272,0.313,0.585
677943,Will Banfield,Cincinnati Reds,C,8,12,0,0,0.167,0.167,0.25,0.417
690924,Braxton Fulford,Colorado Rockies,"C, DH, LF",44,83,1,7,0.167,0.253,0.264,0.517
691373,Jhostynxon Garcia,Pittsburgh Pirates,"CF, LF, RF",20,50,0,2,0.167,0.2,0.188,0.388
694410,LuJames Groover,Arizona Diamondbacks,"1B, 3B, DH",15,54,1,4,0.167,0.259,0.271,0.53
680737,Michael Helman,Texas Rangers,"CF, LF, RF, SS",15,35,1,2,0.167,0.235,0.3,0.535
677956,Rece Hinds,Baltimore Orioles,"CF, DH, LF, RF",23,62,0,6,0.167,0.242,0.259,0.501
663697,Jonathan India,Kansas City Royals,2B,17,58,2,8,0.167,0.31,0.313,0.623
690291,Jace Jung,Detroit Tigers,DH,3,8,0,0,0.167,0.375,0.167,0.542
805672,Collin Price,Houston Astros,"1B, C, DH",7,13,0,0,0.167,0.231,0.25,0.481
687282,Gabriel Rincones Jr.,Philadelphia Phillies,RF,29,89,2,7,0.167,0.202,0.286,0.488
670242,Matt Wallner,Minnesota Twins,RF,34,135,4,10,0.167,0.259,0.292,0.551
518595,Travis d'Arnaud,Los Angeles Angels,"C, DH",31,80,1,3,0.167,0.25,0.25,0.5
695681,Christian Moore,Los Angeles Angels,"2B, DH, LF",30,118,1,10,0.165,0.22,0.239,0.459
672016,Denzel Clarke,Athletics,CF,32,77,0,6,0.164,0.243,0.179,0.422
665966,Carlos Narváez,Baltimore Orioles,"2B, C, DH",91,274,3,10,0.164,0.243,0.231,0.474
644433,Chadwick Tromp,Baltimore Orioles,"C, P",21,51,0,4,0.163,0.16,0.184,0.344
656976,Pavin Smith,Arizona Diamondbacks,"1B, DH",33,103,2,8,0.163,0.243,0.25,0.493
606992,Eric Haase,San Francisco Giants,"C, LF",29,84,4,9,0.162,0.235,0.365,0.6
571912,Luke Maile,Kansas City Royals,"C, P",16,41,1,5,0.162,0.244,0.27,0.514
828599,Lucas Spence,Houston Astros,CF,14,41,0,3,0.162,0.244,0.189,0.433
668670,Jake Rogers,Chicago White Sox,"C, P",60,171,4,14,0.161,0.276,0.287,0.563
664059,Sam Haggerty,Texas Rangers,"CF, DH, LF, P",36,47,0,1,0.159,0.213,0.182,0.395
656413,Stuart Fairchild,Seattle Mariners,"CF, DH, LF, RF",15,27,0,1,0.158,0.407,0.158,0.565
605244,Aramis Garcia,Arizona Diamondbacks,C,8,19,1,2,0.158,0.158,0.316,0.474
694025,Felix Reyes,Philadelphia Phillies,"1B, 3B, LF, RF",12,38,1,2,0.158,0.158,0.263,0.421
690022,Ryan Ritter,Colorado Rockies,"2B, 3B, SS",16,21,0,1,0.158,0.2,0.158,0.358
663368,Blake Perkins,Milwaukee Brewers,"CF, DH, LF, RF",55,101,1,11,0.157,0.25,0.258,0.508
805904,Zach Cole,Houston Astros,"CF, DH, LF, RF",19,53,3,8,0.157,0.189,0.353,0.542
596117,Garrett Stubbs,Philadelphia Phillies,"1B, 3B, C, DH, LF, P",36,63,0,3,0.155,0.206,0.155,0.361
687749,Jase Bowen,San Diego Padres,"CF, DH, LF, RF",75,97,2,7,0.154,0.198,0.264,0.462
666310,Bo Naylor,Milwaukee Brewers,"1B, C",31,98,3,10,0.154,0.214,0.275,0.489
687529,Grant McCray,San Francisco Giants,"CF, DH, LF, RF",38,85,2,4,0.153,0.256,0.292,0.548
602104,Ramón Urías,St. Louis Cardinals,"1B, 2B, 3B, SS",43,100,4,9,0.151,0.26,0.326,0.586
608841,Joey Meneses,Athletics,"1B, DH, LF",9,25,0,2,0.15,0.28,0.15,0.43
593871,Jorge Polanco,New York Mets,"1B, DH",37,145,2,6,0.148,0.201,0.23,0.431
660844,Leo Rivas,Seattle Mariners,"2B, 3B, DH, P, SS",48,139,0,9,0.147,0.27,0.19,0.46
660710,Rodolfo Durán,San Diego Padres,"C, P",39,91,3,8,0.146,0.222,0.305,0.527
642851,Austin Wynns,Texas Rangers,"C, DH",34,89,1,1,0.146,0.195,0.183,0.378
663647,Ke'Bryan Hayes,Cincinnati Reds,3B,87,230,5,8,0.144,0.2,0.233,0.433
672642,Steward Berroa,Philadelphia Phillies,"CF, LF, RF",6,7,0,1,0.143,0.143,0.143,0.286
695391,Brett Harris,San Francisco Giants,"1B, 2B, 3B",13,26,0,0,0.143,0.28,0.19,0.47
669288,Daniel Johnson,Houston Astros,"CF, LF",8,17,0,0,0.143,0.294,0.143,0.437
683090,Matthew Lugo,Kansas City Royals,"DH, LF, RF",9,15,0,0,0.143,0.2,0.143,0.343
666931,Jared Oliva,San Francisco Giants,"CF, LF",7,7,0,0,0.143,0.143,0.143,0.286
805346,Ben Ross,Minnesota Twins,"2B, 3B, DH, SS",6,14,0,0,0.143,0.143,0.286,0.429
669256,Nick Solak,San Diego Padres,DH,4,10,0,1,0.143,0.3,0.143,0.443
691011,Drew Romo,Chicago White Sox,"1B, C",60,203,7,16,0.141,0.239,0.288,0.527
608701,Rob Refsnyder,Seattle Mariners,"DH, LF, RF",53,129,4,11,0.14,0.211,0.254,0.465
670097,Zack Short,New York Mets,"2B, P, SS",29,62,0,2,0.14,0.262,0.18,0.442
681987,Nate Eaton,Boston Red Sox,"CF, DH, LF, RF",20,52,1,6,0.14,0.288,0.256,0.544
676914,Davis Schneider,Toronto Blue Jays,"2B, DH, LF",64,142,3,12,0.139,0.291,0.27,0.561
681047,Christian Franklin,Baltimore Orioles,"CF, DH, LF",17,45,0,0,0.135,0.289,0.189,0.478
663584,Hayden Senger,New York Mets,C,7,17,1,2,0.133,0.133,0.333,0.466
699115,Carlos Jorge,Cincinnati Reds,"CF, LF",10,25,0,0,0.13,0.2,0.217,0.417
640459,Brian Navarreto,Miami Marlins,C,29,55,1,3,0.128,0.192,0.234,0.426
669208,Ryan Bliss,Seattle Mariners,"2B, DH",3,10,0,1,0.125,0.2,0.125,0.325
801501,Nate Furman,San Francisco Giants,"2B, DH",22,39,0,3,0.125,0.243,0.125,0.368
665506,Cristian Pache,New York Mets,"DH, LF, RF",14,8,0,0,0.125,0.125,0.125,0.25
701649,James Triantos,Chicago Cubs,"2B, DH",7,9,0,0,0.125,0.222,0.125,0.347
673490,Ha-Seong Kim,Atlanta Braves,SS,46,128,0,9,0.123,0.219,0.132,0.351
669087,Sam Huff,Baltimore Orioles,C,14,34,0,1,0.121,0.147,0.182,0.329
806956,Ethan Salas,San Diego Padres,"C, DH",10,25,2,3,0.12,0.12,0.44,0.56
671083,Buddy Kennedy,San Francisco Giants,"1B, 2B, 3B, DH, P",25,49,0,1,0.116,0.224,0.14,0.364
669911,Michael Toglia,Cincinnati Reds,"1B, LF, RF",10,28,0,1,0.115,0.179,0.192,0.371
600869,Jeimer Candelario,Los Angeles Angels,"1B, 3B, DH",7,20,0,0,0.111,0.2,0.222,0.422
700246,Carson Williams,Tampa Bay Rays,"2B, 3B, DH, SS",16,40,1,6,0.108,0.154,0.216,0.37
621550,Patrick Wisdom,Seattle Mariners,"1B, 3B, DH",19,50,1,4,0.106,0.16,0.191,0.351
665561,Rafael Marchán,Philadelphia Phillies,C,34,95,2,6,0.099,0.137,0.165,0.302
694876,Cooper Ingle,Cleveland Guardians,"DH, LF",7,24,0,2,0.095,0.208,0.095,0.303
660644,Vidal Bruján,New York Mets,"LF, SS",9,13,0,1,0.091,0.167,0.091,0.258
686554,Oliver Dunn,Tampa Bay Rays,"3B, DH, SS",9,12,0,1,0.091,0.167,0.091,0.258
506702,Sandy León,Atlanta Braves,C,21,44,0,0,0.091,0.091,0.091,0.182
681230,BJ Murray Jr.,Chicago Cubs,"1B, DH",7,11,0,0,0.091,0.091,0.091,0.182
502054,Tommy Pham,Chicago White Sox,"DH, LF",13,25,1,3,0.091,0.2,0.227,0.427
686823,Will Brennan,San Francisco Giants,"DH, LF, RF",11,23,0,0,0.087,0.087,0.087,0.174
628451,Andy Ibáñez,New York Mets,"1B, 2B, 3B, DH, LF",14,26,0,5,0.087,0.115,0.087,0.202
675659,Greg Jones,Milwaukee Brewers,"2B, LF, RF",12,24,0,1,0.087,0.087,0.087,0.174
642020,Chuckie Robinson,Los Angeles Dodgers,"C, DH",8,26,0,1,0.087,0.087,0.087,0.174
467793,Carlos Santana,Arizona Diamondbacks,1B,8,26,0,0,0.083,0.154,0.125,0.279
805249,Otto Kemp,Philadelphia Phillies,"2B, LF",13,27,0,0,0.08,0.148,0.08,0.228
623205,Andrew Velazquez,Kansas City Royals,"2B, SS",6,15,0,0,0.067,0.067,0.067,0.134
671155,Ivan Johnson,Cincinnati Reds,"2B, 3B, DH, LF",16,19,0,0,0.063,0.211,0.063,0.274
693409,César Prieto,St. Louis Cardinals,"2B, 3B, SS",15,35,0,0,0.059,0.086,0.059,0.145
663967,César Salazar,Houston Astros,"C, P",9,22,0,1,0.056,0.227,0.056,0.283
680718,Addison Barger,Toronto Blue Jays,RF,9,28,0,2,0.045,0.214,0.091,0.305
677060,Chad Stevens,Colorado Rockies,"2B, 3B, SS",16,34,0,3,0.036,0.176,0.036,0.212
665871,Javier Assad,Chicago Cubs,P,26,0,0,0,0.0,0.0,0.0,0.0
641329,Bryan Baker,Tampa Bay Rays,P,62,0,0,0,0.0,0.0,0.0,0.0
670280,David Bednar,New York Yankees,P,61,0,0,0,0.0,0.0,0.0,0.0
690925,Clayton Beeter,Washington Nationals,P,50,0,0,0,0.0,0.0,0.0,0.0
656234,Jake Bird,Washington Nationals,P,8,0,0,0,0.0,0.0,0.0,0.0
621112,Paul Blackburn,New York Yankees,P,59,0,0,0,0.0,0.0,0.0,0.0
680694,Kyle Bradish,Baltimore Orioles,P,29,0,0,0,0.0,0.0,0.0,0.0
687394,Jack Brannigan,Pittsburgh Pirates,3B,2,1,0,0,0.0,0.0,0.0,0.0
665828,Oswaldo Cabrera,New York Yankees,"2B, 3B",3,11,0,0,0.0,0.0,0.0,0.0
666185,Dylan Carlson,Chicago Cubs,"DH, LF, RF",3,4,0,0,0.0,0.0,0.0,0.0
680604,Blas Castaño,Colorado Rockies,P,15,0,0,0,0.0,0.0,0.0,0.0
547973,Aroldis Chapman,Boston Red Sox,P,52,0,0,0,0.0,0.0,0.0,0.0
650644,Aaron Civale,Chicago Cubs,P,15,0,0,0,0.0,0.0,0.0,0.0
664199,Taylor Clarke,Arizona Diamondbacks,P,68,0,0,0,0.0,0.0,0.0,0.0
518585,Fernando Cruz,New York Yankees,P,61,0,0,0,0.0,0.0,0.0,0.0
669360,Trei Cruz,Detroit Tigers,"LF, RF",2,5,0,0,0.0,0.0,0.0,0.0
676263,Jack Dreyer,Los Angeles Dodgers,P,63,0,0,0,0.0,0.0,0.0,0.0
661395,Jhoan Duran,Philadelphia Phillies,P,58,0,0,0,0.0,0.0,0.0,0.0
685126,Brandon Eisert,Chicago White Sox,P,25,0,0,0,0.0,0.0,0.0,0.0
668674,Lucas Erceg,Kansas City Royals,P,49,0,0,0,0.0,0.0,0.0,0.0
608032,Carlos Estévez,Kansas City Royals,P,1,0,0,0,0.0,0.0,0.0,0.0
664126,Pete Fairbanks,Miami Marlins,P,46,0,0,0,0.0,0.0,0.0,0.0
693459,Kyler Fedko,Minnesota Twins,"CF, DH, LF, RF",14,19,0,1,0.0,0.105,0.0,0.105
693308,Nick Frasso,Colorado Rockies,P,16,0,0,0,0.0,0.0,0.0,0.0
607536,Kyle Freeland,Colorado Rockies,P,25,0,0,0,0.0,0.0,0.0,0.0
800311,Didier Fuentes,Atlanta Braves,P,56,0,0,0,0.0,0.0,0.0,0.0
805299,Brandyn Garcia,Arizona Diamondbacks,P,53,0,0,0,0.0,0.0,0.0,0.0
670329,Rico Garcia,Baltimore Orioles,P,73,0,0,0,0.0,0.0,0.0,0.0
806188,Cade Gibson,Miami Marlins,P,44,0,0,0,0.0,0.0,0.0,0.0
669372,J.T. Ginn,Athletics,P,27,0,0,0,0.0,0.0,0.0,0.0
623352,Josh Hader,Houston Astros,P,44,0,0,0,0.0,0.0,0.0,0.0
669084,DL Hall,Milwaukee Brewers,P,44,0,0,0,0.0,0.0,0.0,0.0
668974,Maverick Handley,Baltimore Orioles,Unknown,1,1,0,0,0.0,0.0,0.0,0.0
683618,Edgardo Henriquez,Los Angeles Dodgers,P,61,0,0,0,0.0,0.0,0.0,0.0
656529,Sam Hentges,San Francisco Giants,P,40,0,0,0,0.0,0.0,0.0,0.0
623474,Jimmy Herget,Colorado Rockies,P,49,0,0,0,0.0,0.0,0.0,0.0
677955,Jaden Hill,Colorado Rockies,P,44,0,0,0,0.0,0.0,0.0,0.0
675448,Blake Hunt,San Diego Padres,C,2,3,0,0,0.0,0.0,0.0,0.0
676428,Brant Hurter,Detroit Tigers,P,26,0,0,0,0.0,0.0,0.0,0.0
628452,Raisel Iglesias,Atlanta Braves,P,56,0,0,0,0.0,0.0,0.0,0.0
445276,Kenley Jansen,Detroit Tigers,P,48,0,0,0,0.0,0.0,0.0,0.0
518876,Merrill Kelly,Arizona Diamondbacks,P,28,0,0,0,0.0,0.0,0.0,0.0
687531,William Kempner,Miami Marlins,P,9,0,0,0,0.0,0.0,0.0,0.0
687849,Zak Kent,Washington Nationals,P,9,0,0,0,0.0,0.0,0.0,0.0
689147,Orion Kerkering,Philadelphia Phillies,P,62,0,0,0,0.0,0.0,0.0,0.0
641755,Tyler Kinley,Atlanta Braves,P,49,0,0,0,0.0,0.0,0.0,0.0
656638,Alex Lange,Kansas City Royals,P,56,0,0,0,0.0,0.0,0.0,0.0
656641,Jacob Latz,Texas Rangers,P,55,0,0,0,0.0,0.0,0.0,0.0
695418,Brad Lord,Washington Nationals,P,39,0,0,0,0.0,0.0,0.0,0.0
642528,Jonathan Loáisiga,Arizona Diamondbacks,P,64,0,0,0,0.0,0.0,0.0,0.0
625643,Reynaldo López,Atlanta Braves,P,26,0,0,0,0.0,0.0,0.0,0.0
657675,Rudy Martin Jr.,Toronto Blue Jays,LF,2,3,0,0,0.0,0.333,0.0,0.333
656730,Trevor Megill,Milwaukee Brewers,P,60,0,0,0,0.0,0.0,0.0,0.0
571945,Miles Mikolas,Washington Nationals,P,26,1,0,1,0.0,0.0,0.0,0.0
680911,Owen Miller,Chicago Cubs,2B,1,0,0,0,0.0,0.0,0.0,0.0
656756,Jordan Montgomery,Texas Rangers,P,9,0,0,0,0.0,0.0,0.0,0.0
664238,Dylan Moore,Philadelphia Phillies,"1B, 2B, CF, DH, LF, P",15,15,0,0,0.0,0.2,0.0,0.2
702566,Owen Murphy,Atlanta Braves,P,4,0,0,0,0.0,0.0,0.0,0.0
676617,Riley O'Brien,St. Louis Cardinals,P,64,0,0,0,0.0,0.0,0.0,0.0
694037,Daniel Palencia,Chicago Cubs,P,29,0,0,0,0.0,0.0,0.0,0.0
677347,Kyren Paris,Los Angeles Angels,"CF, LF, RF",8,18,0,0,0.0,0.167,0.0,0.167
694477,Chad Patrick,Milwaukee Brewers,P,54,0,0,0,0.0,0.0,0.0,0.0
663878,Nate Pearson,Kansas City Royals,P,23,0,0,0,0.0,0.0,0.0,0.0
593974,Wandy Peralta,San Diego Padres,P,63,0,0,0,0.0,0.0,0.0,0.0
678022,Jack Perkins,Athletics,P,35,0,0,0,0.0,0.0,0.0,0.0
691620,Jeferson Quero,Milwaukee Brewers,C,1,2,0,0,0.0,0.5,0.0,0.5
687377,Orlando Ribalta,Washington Nationals,P,45,0,0,0,0.0,0.0,0.0,0.0
670950,Trevor Richards,Chicago White Sox,P,48,0,0,0,0.0,0.0,0.0,0.0
702275,JR Ritchie,Atlanta Braves,P,15,0,0,0,0.0,0.0,0.0,0.0
669020,Ryan Rolison,Chicago Cubs,P,56,0,0,0,0.0,0.0,0.0,0.0
681870,Erik Sabrowski,Cleveland Guardians,P,57,0,0,0,0.0,0.0,0.0,0.0
687606,Paxton Schultz,Washington Nationals,P,27,0,0,0,0.0,0.0,0.0,0.0
657756,Connor Seabold,Kansas City Royals,P,5,0,0,0,0.0,0.0,0.0,0.0
622608,Antonio Senzatela,Colorado Rockies,P,34,0,0,0,0.0,0.0,0.0,0.0
663767,Chase Shugart,Philadelphia Phillies,P,42,0,0,0,0.0,0.0,0.0,0.0
672279,Michael Siani,Baltimore Orioles,CF,1,1,0,0,0.0,0.0,0.0,0.0
671922,Cade Smith,Cleveland Guardians,P,65,0,0,0,0.0,0.0,0.0,0.0
681916,Dylan Smith,San Francisco Giants,P,38,0,0,0,0.0,0.0,0.0,0.0
666277,George Soriano,St. Louis Cardinals,P,68,0,0,0,0.0,0.0,0.0,0.0
642100,Gabe Speier,Seattle Mariners,P,51,0,0,0,0.0,0.0,0.0,0.0
592773,Ryne Stanek,St. Louis Cardinals,P,67,0,0,0,0.0,0.0,0.0,0.0
663158,Robert Suarez,Atlanta Braves,P,31,0,0,0,0.0,0.0,0.0,0.0
573204,Caleb Thielbar,Chicago Cubs,P,55,0,0,0,0.0,0.0,0.0,0.0
663423,Trent Thornton,Chicago Cubs,P,48,0,0,0,0.0,0.0,0.0,0.0
676568,Ricky Vanasco,Detroit Tigers,P,5,0,0,0,0.0,0.0,0.0,0.0
681402,Gus Varland,Washington Nationals,P,33,0,0,0,0.0,0.0,0.0,0.0
681911,Alex Vesia,Los Angeles Dodgers,P,68,0,0,0,0.0,0.0,0.0,0.0
676684,Will Vest,Detroit Tigers,P,27,0,0,0,0.0,0.0,0.0,0.0
680767,Victor Vodnik,Colorado Rockies,P,33,0,0,0,0.0,0.0,0.0,0.0
681190,Randy Vásquez,San Diego Padres,P,30,1,0,0,0.0,0.0,0.0,0.0
676679,Luis Vázquez,Baltimore Orioles,3B,1,0,0,0,0.0,0.0,0.0,0.0
621097,Jacob Waguespack,Detroit Tigers,P,33,0,0,0,0.0,0.0,0.0,0.0
596133,Luke Weaver,New York Mets,P,42,0,0,0,0.0,0.0,0.0,0.0
657097,Jacob Webb,Chicago Cubs,P,66,0,0,0,0.0,0.0,0.0,0.0
673995,Davis Wendzel,Pittsburgh Pirates,"1B, 2B",2,4,0,0,0.0,0.0,0.0,0.0
676477,Garrett Whitlock,Boston Red Sox,P,52,0,0,0,0.0,0.0,0.0,0.0
696136,Jordan Wicks,Chicago Cubs,P,4,0,0,0,0.0,0.0,0.0,0.0
642207,Devin Williams,New York Mets,P,42,0,0,0,0.0,0.0,0.0,0.0
663897,Luke Williams,Atlanta Braves,"2B, LF",2,1,0,0,0.0,1.0,0.0,1.0
676775,Keaton Winn,San Francisco Giants,P,44,0,0,0,0.0,0.0,0.0,0.0
